"electric field:0","electric field:1","electric field:2","potential","GeometryIds","vtkValidPointMask","arc_length","Points:0","Points:1","Points:2"
-0.00141927,0.00392788,-39609,-0.000906578,3,1,0,0,0,-2.526
-0.000667303,0.00240139,-39609,200.107,3,1,0.00505209,0,0,-2.52095
8.46307e-05,0.000874981,-39609,400.206,3,1,0.0101039,0,0,-2.5159
-0.000460773,-0.000569332,-39609,600.314,3,1,0.015156,0,0,-2.51084
-0.00208306,-0.000467085,-39609,800.422,3,1,0.0202081,0,0,-2.50579
-0.00318099,4.86162e-05,-39609,1000.52,3,1,0.02526,0,0,-2.50074
-0.0029497,0.000509252,-39608.9,1200.63,1,1,0.0303121,0,0,-2.49569
-0.00276898,0.00116912,-39608.9,1400.73,1,1,0.0353639,0,0,-2.49064
-0.00258825,0.00182901,-39608.9,1600.84,1,1,0.040416,0,0,-2.48558
-0.00240752,0.00248891,-39608.9,1800.94,1,1,0.0454681,0,0,-2.48053
-0.00201846,0.00276817,-39608.9,2001.04,1,1,0.0505199,0,0,-2.47548
-0.00146995,0.00275621,-39608.9,2201.15,1,1,0.055572,0,0,-2.47043
-0.00150003,0.00275339,-39608.9,2401.26,1,1,0.0606241,0,0,-2.46538
-0.00222372,0.00276153,-39608.9,2601.36,1,1,0.065676,0,0,-2.46032
-0.00294745,0.00276967,-39608.9,2801.46,1,1,0.0707281,0,0,-2.45527
-0.00367114,0.00277781,-39608.9,3001.56,1,1,0.0757799,0,0,-2.45022
-0.00439487,0.00278595,-39608.9,3201.67,1,1,0.080832,0,0,-2.44517
-0.00511859,0.00279409,-39608.9,3401.78,1,1,0.0858841,0,0,-2.44012
-0.00584228,0.00280223,-39608.8,3601.87,1,1,0.0909359,0,0,-2.43506
-0.00522435,0.00372146,-39608.8,3801.98,1,1,0.095988,0,0,-2.43001
-0.00275892,0.00589529,-39608.8,4002.09,1,1,0.10104,0,0,-2.42496
-0.000293608,0.00806901,-39608.8,4202.19,1,1,0.106092,0,0,-2.41991
0.00320222,0.00500801,-39608.8,4402.29,1,1,0.111144,0,0,-2.41486
0.00503534,0.00103748,-39608.7,4602.39,1,1,0.116196,0,0,-2.4098
0.00574227,-0.00155777,-39608.7,4802.5,1,1,0.121248,0,0,-2.40475
0.00644921,-0.00415303,-39608.7,5002.61,1,1,0.1263,0,0,-2.3997
0.00715611,-0.00674816,-39608.7,5202.7,1,1,0.131352,0,0,-2.39465
0.0075633,-0.00945064,-39608.7,5402.81,1,1,0.136404,0,0,-2.3896
0.00698922,-0.0125042,-39608.6,5602.92,1,1,0.141456,0,0,-2.38454
0.00580927,-0.0149029,-39608.6,5803.01,1,1,0.146508,0,0,-2.37949
0.00243427,-0.0149301,-39608.6,6003.12,1,1,0.15156,0,0,-2.37444
-0.000940576,-0.0149573,-39608.6,6203.22,1,1,0.156612,0,0,-2.36939
-0.00431558,-0.0149845,-39608.5,6403.32,1,1,0.161664,0,0,-2.36434
-0.00769058,-0.0150116,-39608.5,6603.43,1,1,0.166716,0,0,-2.35928
-0.0110654,-0.0150388,-39608.5,6803.52,1,1,0.171768,0,0,-2.35423
-0.00763416,-0.0149179,-39608.4,7003.63,1,1,0.17682,0,0,-2.34918
-0.00164902,-0.0156339,-39608.4,7203.73,1,1,0.181872,0,0,-2.34413
0.00437397,-0.0164387,-39608.4,7403.83,1,1,0.186924,0,0,-2.33908
0.0103972,-0.0172434,-39608.3,7603.94,1,1,0.191976,0,0,-2.33402
0.0144768,-0.0142794,-39608.3,7804.03,1,1,0.197028,0,0,-2.32897
0.0184967,-0.0111992,-39608.2,8004.13,1,1,0.20208,0,0,-2.32392
0.0226433,-0.00819202,-39608.2,8204.24,1,1,0.207132,0,0,-2.31887
0.0271143,-0.00537209,-39608.2,8404.33,1,1,0.212184,0,0,-2.31382
0.0315854,-0.00255202,-39608.1,8604.44,1,1,0.217236,0,0,-2.30876
0.0360566,0.000268042,-39608.1,8804.54,1,1,0.222288,0,0,-2.30371
0.0307422,0.00308904,-39608,9004.64,1,1,0.22734,0,0,-2.29866
0.0267232,0.00224695,-39608,9204.74,1,1,0.232392,0,0,-2.29361
0.0223778,0.00373062,-39608,9404.83,1,1,0.237444,0,0,-2.28856
0.0172253,0.0105592,-39607.9,9604.93,1,1,0.242496,0,0,-2.2835
0.0120727,0.0173878,-39607.9,9805.04,1,1,0.247548,0,0,-2.27845
0.00692048,0.0242161,-39607.8,10005.1,1,1,0.2526,0,0,-2.2734
0.00552396,0.0273098,-39607.8,10205.2,1,1,0.257652,0,0,-2.26835
0.00434158,0.0301905,-39607.8,10405.3,1,1,0.262704,0,0,-2.2633
0.00315927,0.0330711,-39607.7,10605.4,1,1,0.267756,0,0,-2.25824
0.00197689,0.0359518,-39607.7,10805.5,1,1,0.272808,0,0,-2.25319
-4.7708e-05,0.0373455,-39607.6,11005.6,1,1,0.27786,0,0,-2.24814
-0.00853243,0.0324978,-39607.6,11205.7,1,1,0.282912,0,0,-2.24309
-0.0169218,0.0292387,-39607.5,11405.8,1,1,0.287964,0,0,-2.23804
-0.0198288,0.0204698,-39607.5,11605.9,1,1,0.293016,0,0,-2.23298
-0.022736,0.0117006,-39607.4,11806,1,1,0.298068,0,0,-2.22793
-0.0256431,0.00293129,-39607.3,12006.1,1,1,0.30312,0,0,-2.22288
-0.0285502,-0.00583755,-39607.3,12206.2,1,1,0.308172,0,0,-2.21783
-0.0310495,-0.0143491,-39607.2,12406.3,1,1,0.313224,0,0,-2.21278
-0.0321471,-0.0221221,-39607.2,12606.4,1,1,0.318276,0,0,-2.20772
-0.018895,-0.0232098,-39607.1,12806.5,1,1,0.323328,0,0,-2.20267
-0.0053236,-0.0311613,-39607,13006.6,1,1,0.32838,0,0,-2.19762
0.00830787,-0.040419,-39607,13206.7,1,1,0.333432,0,0,-2.19257
0.00375895,-0.0439287,-39606.9,13406.8,1,1,0.338484,0,0,-2.18752
-0.00456846,-0.0462438,-39606.8,13606.9,1,1,0.343536,0,0,-2.18246
-0.0128955,-0.0485587,-39606.7,13807,1,1,0.348588,0,0,-2.17741
-0.0295899,-0.0342915,-39606.6,14007.1,1,1,0.35364,0,0,-2.17236
-0.0395733,-0.028191,-39606.6,14207.1,1,1,0.358692,0,0,-2.16731
-0.0459268,-0.0265766,-39606.5,14407.2,1,1,0.363744,0,0,-2.16226
-0.0522802,-0.0249622,-39606.4,14607.3,1,1,0.368796,0,0,-2.1572
-0.0578955,-0.0244488,-39606.4,14807.4,1,1,0.373848,0,0,-2.15215
-0.0569724,-0.03369,-39606.3,15007.5,1,1,0.3789,0,0,-2.1471
-0.0573466,-0.0375445,-39606.2,15207.6,1,1,0.383952,0,0,-2.14205
-0.057901,-0.0406506,-39606.2,15407.7,1,1,0.389004,0,0,-2.137
-0.0589557,-0.042691,-39606.1,15607.8,1,1,0.394056,0,0,-2.13194
-0.0603652,-0.0439755,-39606,15807.9,1,1,0.399108,0,0,-2.12689
-0.0617747,-0.0452601,-39606,16008,1,1,0.40416,0,0,-2.12184
-0.0631842,-0.0465446,-39605.9,16208.1,1,1,0.409212,0,0,-2.11679
-0.0541755,-0.0572327,-39605.8,16408.1,1,1,0.414264,0,0,-2.11174
-0.0448729,-0.0677137,-39605.7,16608.2,1,1,0.419316,0,0,-2.10668
-0.0456891,-0.0659525,-39605.7,16808.3,1,1,0.424368,0,0,-2.10163
-0.0465053,-0.0641913,-39605.6,17008.4,1,1,0.42942,0,0,-2.09658
-0.0473215,-0.06243,-39605.5,17208.5,1,1,0.434472,0,0,-2.09153
-0.0481377,-0.0606688,-39605.5,17408.6,1,1,0.439524,0,0,-2.08648
-0.0489539,-0.0589076,-39605.4,17608.7,1,1,0.444576,0,0,-2.08142
-0.0502105,-0.0568496,-39605.3,17808.8,1,1,0.449628,0,0,-2.07637
-0.0558459,-0.0518419,-39605.3,18008.8,1,1,0.45468,0,0,-2.07132
-0.0614815,-0.0468341,-39605.2,18208.9,1,1,0.459732,0,0,-2.06627
-0.0667024,-0.0410329,-39605.1,18409,1,1,0.464784,0,0,-2.06122
-0.0717499,-0.034899,-39605.1,18609.1,1,1,0.469836,0,0,-2.05616
-0.0767974,-0.0287652,-39605,18809.2,1,1,0.474888,0,0,-2.05111
-0.0651771,-0.0314403,-39604.9,19009.3,1,1,0.47994,0,0,-2.04606
-0.0473917,-0.0373736,-39604.9,19209.4,1,1,0.484992,0,0,-2.04101
-0.0296063,-0.0433068,-39604.8,19409.4,1,1,0.490044,0,0,-2.03596
-0.016291,-0.0469945,-39604.7,19609.5,1,1,0.495096,0,0,-2.0309
-0.00563281,-0.0476318,-39604.6,19809.6,1,1,0.500148,0,0,-2.02585
0.00765587,-0.041342,-39604.6,20009.7,1,1,0.5052,0,0,-2.0208
0.0209452,-0.0350519,-39604.5,20209.8,1,1,0.510252,0,0,-2.01575
0.0342346,-0.0287617,-39604.4,20409.8,1,1,0.515304,0,0,-2.0107
0.0475233,-0.0224719,-39604.4,20609.9,1,1,0.520356,0,0,-2.00564
0.0608127,-0.0161817,-39604.3,20810,1,1,0.525408,0,0,-2.00059
0.0741017,-0.00989174,-39604.2,21010.1,1,1,0.53046,0,0,-1.99554
0.0869681,-0.00550219,-39604.1,21210.2,1,1,0.535512,0,0,-1.99049
0.0964297,-0.0164193,-39604.1,21410.3,1,1,0.540564,0,0,-1.98544
0.0940486,0.00194141,-39603.9,21610.3,1,1,0.545616,0,0,-1.98038
0.0907626,0.0161315,-39603.8,21810.4,1,1,0.550668,0,0,-1.97533
0.0855324,0.0185946,-39603.7,22010.5,1,1,0.55572,0,0,-1.97028
0.0803021,0.0210578,-39603.6,22210.6,1,1,0.560772,0,0,-1.96523
0.0750719,0.0235209,-39603.5,22410.6,1,1,0.565824,0,0,-1.96018
0.0698417,0.025984,-39603.4,22610.7,1,1,0.570876,0,0,-1.95512
0.0646116,0.0284472,-39603.2,22810.8,1,1,0.575928,0,0,-1.95007
0.0593812,0.0309103,-39603.1,23010.9,1,1,0.58098,0,0,-1.94502
0.0629154,0.0385287,-39603,23210.9,1,1,0.586032,0,0,-1.93997
0.0774982,0.0688855,-39602.9,23411,1,1,0.591084,0,0,-1.93492
0.092081,0.0992422,-39602.9,23611.1,1,1,0.596136,0,0,-1.92986
0.106664,0.1296,-39602.8,23811.2,1,1,0.601188,0,0,-1.92481
0.106114,0.122715,-39602.7,24011.2,1,1,0.60624,0,0,-1.91976
0.100692,0.103841,-39602.6,24211.3,1,1,0.611292,0,0,-1.91471
0.0970601,0.0863962,-39602.5,24411.4,1,1,0.616344,0,0,-1.90966
0.09712,0.071658,-39602.4,24611.5,1,1,0.621396,0,0,-1.9046
0.0894772,0.0475243,-39602.3,24811.5,1,1,0.626448,0,0,-1.89955
0.0818343,0.0233907,-39602.2,25011.6,1,1,0.6315,0,0,-1.8945
0.0741914,-0.000742907,-39602.1,25211.7,1,1,0.636552,0,0,-1.88945
0.0665484,-0.0248771,-39602,25411.7,1,1,0.641604,0,0,-1.8844
0.0589056,-0.0490107,-39601.8,25611.8,1,1,0.646656,0,0,-1.87934
0.0512627,-0.0731443,-39601.7,25811.9,1,1,0.651708,0,0,-1.87429
0.0446125,-0.0756798,-39601.6,26011.9,1,1,0.65676,0,0,-1.86924
0.0380568,-0.0761567,-39601.6,26212,1,1,0.661812,0,0,-1.86419
0.0315012,-0.0766336,-39601.5,26412.1,1,1,0.666864,0,0,-1.85914
0.0204668,-0.0780929,-39601.4,26612.1,1,1,0.671916,0,0,-1.85408
0.00231524,-0.0811136,-39601.3,26812.2,1,1,0.676968,0,0,-1.84903
-0.0105509,-0.0804497,-39601.2,27012.3,1,1,0.68202,0,0,-1.84398
-0.0128525,-0.0724219,-39601.1,27212.3,1,1,0.687072,0,0,-1.83893
-0.0151541,-0.0643941,-39601,27412.4,1,1,0.692124,0,0,-1.83388
-0.0174557,-0.0563663,-39600.9,27612.5,1,1,0.697176,0,0,-1.82882
-0.0197573,-0.0483383,-39600.8,27812.5,1,1,0.702228,0,0,-1.82377
-0.0225144,-0.0456935,-39600.7,28012.6,1,1,0.70728,0,0,-1.81872
-0.0274909,-0.0526311,-39600.6,28212.7,1,1,0.712332,0,0,-1.81367
-0.0324673,-0.0595688,-39600.6,28412.7,1,1,0.717384,0,0,-1.80862
-0.0374439,-0.0665065,-39600.5,28612.8,1,1,0.722436,0,0,-1.80356
-0.0467666,-0.0686988,-39600.4,28812.8,1,1,0.727488,0,0,-1.79851
-0.0860254,-0.0382066,-39600.3,29012.9,1,1,0.73254,0,0,-1.79346
-0.125284,-0.00771434,-39600.2,29213,1,1,0.737592,0,0,-1.78841
-0.152164,0.0203134,-39600,29413,1,1,0.742644,0,0,-1.78336
-0.134781,0.0252893,-39599.9,29613.1,1,1,0.747696,0,0,-1.7783
-0.109813,0.0224497,-39599.7,29813.1,1,1,0.752748,0,0,-1.77325
-0.0848442,0.0196101,-39599.6,30013.2,1,1,0.7578,0,0,-1.7682
-0.0598749,0.0167704,-39599.4,30213.2,1,1,0.762852,0,0,-1.76315
-0.0364096,0.0141375,-39599.2,30413.3,1,1,0.767904,0,0,-1.7581
-0.0381919,0.0149761,-39599.1,30613.4,1,1,0.772956,0,0,-1.75304
-0.0399742,0.0158146,-39599,30813.4,1,1,0.778008,0,0,-1.74799
-0.0417565,0.0166531,-39598.8,31013.5,1,1,0.78306,0,0,-1.74294
-0.0251209,0.00675709,-39598.7,31213.5,1,1,0.788112,0,0,-1.73789
0.00760008,-0.00301868,-39598.6,31413.6,1,1,0.793164,0,0,-1.73284
0.0422821,-0.00784405,-39598.5,31613.6,1,1,0.798216,0,0,-1.72778
0.0717102,-0.0117887,-39598.3,31813.7,1,1,0.803268,0,0,-1.72273
0.0554678,-0.00807737,-39598.2,32013.7,1,1,0.80832,0,0,-1.71768
0.0392254,-0.00436608,-39598.1,32213.8,1,1,0.813372,0,0,-1.71263
0.0229831,-0.000654712,-39598,32413.8,1,1,0.818424,0,0,-1.70758
0.00718981,0.00720314,-39597.9,32613.9,1,1,0.823476,0,0,-1.70252
-0.00821261,0.0186627,-39597.8,32813.9,1,1,0.828528,0,0,-1.69747
-0.023615,0.0301223,-39597.8,33014,1,1,0.83358,0,0,-1.69242
-0.0390175,0.0415818,-39597.7,33214,1,1,0.838632,0,0,-1.68737
-0.055225,0.0474477,-39597.6,33414.1,1,1,0.843684,0,0,-1.68232
-0.0589569,0.0457693,-39597.5,33614.1,1,1,0.848736,0,0,-1.67726
-0.0274976,0.0405121,-39597.4,33814.2,1,1,0.853788,0,0,-1.67221
0.00396169,0.0352548,-39597.2,34014.2,1,1,0.85884,0,0,-1.66716
0.0336071,0.0297718,-39597.1,34214.2,1,1,0.863892,0,0,-1.66211
0.0511395,0.0227825,-39597,34414.3,1,1,0.868944,0,0,-1.65706
0.0686719,0.0157932,-39596.9,34614.3,1,1,0.873996,0,0,-1.652
0.0862042,0.00880384,-39596.8,34814.4,1,1,0.879048,0,0,-1.64695
0.103737,0.00181436,-39596.6,35014.4,1,1,0.8841,0,0,-1.6419
0.121269,-0.00517495,-39596.5,35214.5,1,1,0.889152,0,0,-1.63685
0.138802,-0.0121643,-39596.4,35414.5,1,1,0.894204,0,0,-1.6318
0.156334,-0.0191536,-39596.3,35614.5,1,1,0.899256,0,0,-1.62674
0.176863,-0.0265689,-39596.1,35814.6,1,1,0.904308,0,0,-1.62169
0.167085,-0.0252879,-39596,36014.6,1,1,0.90936,0,0,-1.61664
0.156582,-0.0235965,-39595.9,36214.7,1,1,0.914412,0,0,-1.61159
0.14608,-0.0219052,-39595.8,36414.7,1,1,0.919464,0,0,-1.60654
0.121414,-0.0199431,-39595.7,36614.7,1,1,0.924516,0,0,-1.60148
0.0880608,-0.0178149,-39595.6,36814.8,1,1,0.929568,0,0,-1.59643
0.0547072,-0.0156868,-39595.4,37014.8,1,1,0.93462,0,0,-1.59138
0.0213537,-0.0135586,-39595.3,37214.8,1,1,0.939672,0,0,-1.58633
-0.0119999,-0.0114305,-39595.2,37414.9,1,1,0.944724,0,0,-1.58128
-0.0236544,-0.0404444,-39595.1,37614.9,1,1,0.949776,0,0,-1.57622
-0.0296521,-0.0620509,-39595,37815,1,1,0.954828,0,0,-1.57117
-0.0295399,-0.0616796,-39594.9,38015,1,1,0.95988,0,0,-1.56612
-0.0294276,-0.0613083,-39594.8,38215,1,1,0.964932,0,0,-1.56107
-0.0293153,-0.060937,-39594.7,38415,1,1,0.969984,0,0,-1.55602
-0.0292031,-0.0605657,-39594.6,38615.1,1,1,0.975036,0,0,-1.55096
-0.0295879,-0.068781,-39594.4,38815.1,1,1,0.980088,0,0,-1.54591
-0.029807,-0.0797292,-39594.3,39015.1,1,1,0.98514,0,0,-1.54086
-0.030026,-0.0906778,-39594.2,39215.2,1,1,0.990192,0,0,-1.53581
-0.030245,-0.101626,-39594.1,39415.2,1,1,0.995244,0,0,-1.53076
-0.0318659,-0.106912,-39593.9,39615.2,1,1,1.0003,0,0,-1.5257
-0.0394525,-0.0881036,-39593.8,39815.3,1,1,1.00535,0,0,-1.52065
-0.047039,-0.0692946,-39593.6,40015.3,1,1,1.0104,0,0,-1.5156
-0.0383947,-0.0450883,-39593.4,40215.3,1,1,1.01545,0,0,-1.51055
-0.0246781,-0.0191956,-39593.3,40415.3,1,1,1.0205,0,0,-1.5055
-0.0109614,0.00669716,-39593.1,40615.4,1,1,1.02556,0,0,-1.50044
-0.00973548,0.0332569,-39593,40815.4,1,1,1.03061,0,0,-1.49539
-0.0125052,0.0600292,-39592.9,41015.4,1,1,1.03566,0,0,-1.49034
-0.0224614,0.0716583,-39592.8,41215.4,1,1,1.04071,0,0,-1.48529
-0.0411107,0.0649694,-39592.7,41415.5,1,1,1.04576,0,0,-1.48024
-0.0652788,0.054336,-39592.5,41615.5,1,1,1.05082,0,0,-1.47518
-0.0903661,0.0430454,-39592.4,41815.5,1,1,1.05587,0,0,-1.47013
-0.115453,0.0317548,-39592.3,42015.5,1,1,1.06092,0,0,-1.46508
-0.140541,0.0204642,-39592.2,42215.5,1,1,1.06597,0,0,-1.46003
-0.149413,0.014504,-39592.1,42415.6,1,1,1.07102,0,0,-1.45498
-0.146414,0.0124466,-39592,42615.6,1,1,1.07608,0,0,-1.44992
-0.143415,0.0103892,-39591.9,42815.6,1,1,1.08113,0,0,-1.44487
-0.140415,0.0083318,-39591.8,43015.6,1,1,1.08618,0,0,-1.43982
-0.137416,0.00627436,-39591.7,43215.6,1,1,1.09123,0,0,-1.43477
-0.133209,0.00656377,-39591.6,43415.6,1,1,1.09628,0,0,-1.42972
-0.125031,0.0142443,-39591.4,43615.7,1,1,1.10134,0,0,-1.42466
-0.107754,0.0376576,-39591.3,43815.7,1,1,1.10639,0,0,-1.41961
-0.102774,0.0682384,-39591.2,44015.7,1,1,1.11144,0,0,-1.41456
-0.0973325,0.0910981,-39591,44215.7,1,1,1.11649,0,0,-1.40951
-0.0907037,0.100268,-39590.9,44415.7,1,1,1.12154,0,0,-1.40446
-0.0761276,0.109638,-39590.7,44615.7,1,1,1.1266,0,0,-1.3994
-0.0615512,0.119009,-39590.6,44815.7,1,1,1.13165,0,0,-1.39435
-0.0469751,0.12838,-39590.5,45015.8,1,1,1.1367,0,0,-1.3893
-0.032399,0.13775,-39590.3,45215.8,1,1,1.14175,0,0,-1.38425
-0.0230194,0.134119,-39590.2,45415.8,1,1,1.1468,0,0,-1.3792
-0.0145365,0.128244,-39590,45615.8,1,1,1.15186,0,0,-1.37414
-0.00606062,0.122309,-39589.9,45815.8,1,1,1.15691,0,0,-1.36909
0.00198916,0.112622,-39589.8,46015.8,1,1,1.16196,0,0,-1.36404
0.00695904,0.0986409,-39589.6,46215.8,1,1,1.16701,0,0,-1.35899
0.00465382,0.0745157,-39589.5,46415.8,1,1,1.17206,0,0,-1.35394
0.00234865,0.050391,-39589.3,46615.8,1,1,1.17712,0,0,-1.34888
0.0009579,0.029701,-39589.2,46815.8,1,1,1.18217,0,0,-1.34383
0.00391757,0.025352,-39589,47015.8,1,1,1.18722,0,0,-1.33878
-0.00481226,0.0278936,-39588.9,47215.8,1,1,1.19227,0,0,-1.33373
-0.0160119,0.0318913,-39588.8,47415.8,1,1,1.19732,0,0,-1.32868
-0.0272115,0.0358889,-39588.7,47615.8,1,1,1.20238,0,0,-1.32362
-0.0398313,0.0383575,-39588.5,47815.8,1,1,1.20743,0,0,-1.31857
-0.0578807,0.0349808,-39588.4,48015.8,1,1,1.21248,0,0,-1.31352
-0.0759297,0.0316041,-39588.3,48215.8,1,1,1.21753,0,0,-1.30847
-0.0939787,0.0282274,-39588.2,48415.8,1,1,1.22258,0,0,-1.30342
-0.102009,0.0307119,-39588.1,48615.8,1,1,1.22764,0,0,-1.29836
-0.098237,0.0401003,-39587.9,48815.8,1,1,1.23269,0,0,-1.29331
-0.0742257,0.0508601,-39587.8,49015.8,1,1,1.23774,0,0,-1.28826
-0.0497981,0.0616482,-39587.7,49215.8,1,1,1.24279,0,0,-1.28321
-0.0253704,0.0724362,-39587.6,49415.8,1,1,1.24784,0,0,-1.27816
-0.000942237,0.0832245,-39587.5,49615.8,1,1,1.2529,0,0,-1.2731
0.0234854,0.0940126,-39587.3,49815.8,1,1,1.25795,0,0,-1.26805
0.047913,0.104801,-39587.2,50015.8,1,1,1.263,0,0,-1.263
0.0669812,0.106999,-39587.1,50215.8,1,1,1.26805,0,0,-1.25795
0.0677465,0.0924487,-39587,50415.8,1,1,1.2731,0,0,-1.2529
0.0681288,0.0776421,-39586.8,50615.8,1,1,1.27816,0,0,-1.24784
0.0685112,0.0628356,-39586.7,50815.8,1,1,1.28321,0,0,-1.24279
0.0688935,0.048029,-39586.5,51015.8,1,1,1.28826,0,0,-1.23774
0.0623949,0.0286197,-39586.4,51215.8,1,1,1.29331,0,0,-1.23269
0.0476621,0.00370316,-39586.3,51415.8,1,1,1.29836,0,0,-1.22764
0.0329294,-0.0212133,-39586.1,51615.8,1,1,1.30342,0,0,-1.22258
0.0181967,-0.0461299,-39586,51815.8,1,1,1.30847,0,0,-1.21753
0.0221068,-0.0382154,-39585.9,52015.8,1,1,1.31352,0,0,-1.21248
0.0312052,-0.0211641,-39585.8,52215.7,1,1,1.31857,0,0,-1.20743
0.0403035,-0.00411283,-39585.7,52415.7,1,1,1.32362,0,0,-1.20238
0.0494019,0.0129384,-39585.6,52615.7,1,1,1.32868,0,0,-1.19732
0.0585005,0.0299901,-39585.5,52815.7,1,1,1.33373,0,0,-1.19227
0.0675988,0.0470414,-39585.4,53015.7,1,1,1.33878,0,0,-1.18722
0.0766972,0.0640926,-39585.3,53215.7,1,1,1.34383,0,0,-1.18217
0.0839079,0.0687463,-39585.2,53415.7,1,1,1.34888,0,0,-1.17712
0.086342,0.0707818,-39585.1,53615.6,1,1,1.35394,0,0,-1.17206
0.0855613,0.0711585,-39585,53815.6,1,1,1.35899,0,0,-1.16701
0.0845692,0.0664401,-39584.9,54015.6,1,1,1.36404,0,0,-1.16196
0.0834886,0.0595882,-39584.8,54215.6,1,1,1.36909,0,0,-1.15691
0.082408,0.0527362,-39584.7,54415.6,1,1,1.37414,0,0,-1.15186
0.0813276,0.0458844,-39584.7,54615.6,1,1,1.3792,0,0,-1.1468
0.0802469,0.0390325,-39584.6,54815.5,1,1,1.38425,0,0,-1.14175
0.0694452,0.0314743,-39584.5,55015.5,1,1,1.3893,0,0,-1.1367
0.0582847,0.0238898,-39584.4,55215.5,1,1,1.39435,0,0,-1.13165
0.0471245,0.0163054,-39584.3,55415.5,1,1,1.3994,0,0,-1.1266
0.038296,0.0182149,-39584.2,55615.5,1,1,1.40446,0,0,-1.12154
0.0298921,0.0218533,-39584.1,55815.4,1,1,1.40951,0,0,-1.11649
0.0365785,0.0141322,-39584,56015.4,1,1,1.41456,0,0,-1.11144
0.0532658,-0.00111689,-39583.9,56215.4,1,1,1.41961,0,0,-1.10639
0.0609562,-0.00810287,-39583.7,56415.4,1,1,1.42466,0,0,-1.10134
0.0501751,-0.00369164,-39583.6,56615.3,1,1,1.42972,0,0,-1.09628
0.0315212,0.00374509,-39583.4,56815.3,1,1,1.43477,0,0,-1.09123
0.0128677,0.0111816,-39583.3,57015.3,1,1,1.43982,0,0,-1.08618
-0.00578575,0.0186182,-39583.1,57215.3,1,1,1.44487,0,0,-1.08113
-0.0244392,0.0260547,-39582.9,57415.2,1,1,1.44992,0,0,-1.07608
-0.0374217,0.0413779,-39582.8,57615.2,1,1,1.45498,0,0,-1.07102
-0.0460629,0.056636,-39582.7,57815.2,1,1,1.46003,0,0,-1.06597
-0.054704,0.0718941,-39582.6,58015.2,1,1,1.46508,0,0,-1.06092
-0.0633451,0.0871522,-39582.5,58215.1,1,1,1.47013,0,0,-1.05587
-0.0719862,0.10241,-39582.4,58415.1,1,1,1.47518,0,0,-1.05082
-0.0652628,0.116774,-39582.3,58615.1,1,1,1.48024,0,0,-1.04576
-0.0491193,0.130588,-39582.1,58815,1,1,1.48529,0,0,-1.04071
-0.0393347,0.131186,-39582,59015,1,1,1.49034,0,0,-1.03566
-0.0334826,0.126991,-39582,59215,1,1,1.49539,0,0,-1.03061
-0.0422484,0.142912,-39581.8,59414.9,1,1,1.50044,0,0,-1.02556
-0.051014,0.158832,-39581.7,59614.9,1,1,1.5055,0,0,-1.0205
-0.0680565,0.13773,-39581.6,59814.9,1,1,1.51055,0,0,-1.01545
-0.0895033,0.0965082,-39581.5,60014.8,1,1,1.5156,0,0,-1.0104
-0.0956824,0.11237,-39581.4,60214.8,1,1,1.52065,0,0,-1.00535
-0.101861,0.128232,-39581.3,60414.8,1,1,1.5257,0,0,-1.0003
-0.10804,0.144093,-39581.2,60614.7,1,1,1.53076,0,0,-0.995244
-0.114219,0.159955,-39581.1,60814.7,1,1,1.53581,0,0,-0.990192
-0.0992217,0.163076,-39581,61014.7,1,1,1.54086,0,0,-0.98514
-0.0724829,0.147089,-39580.8,61214.6,1,1,1.54591,0,0,-0.980088
-0.0457444,0.131102,-39580.7,61414.6,1,1,1.55096,0,0,-0.975036
-0.0244567,0.105671,-39580.5,61614.5,1,1,1.55602,0,0,-0.969984
0.00247147,0.0834432,-39580.4,61814.5,1,1,1.56107,0,0,-0.964932
0.023354,0.0546749,-39580.2,62014.5,1,1,1.56612,0,0,-0.95988
0.0442361,0.0259072,-39580.1,62214.4,1,1,1.57117,0,0,-0.954828
0.0567439,0.00758864,-39580,62414.4,1,1,1.57622,0,0,-0.949776
0.0525096,0.0101605,-39579.9,62614.3,1,1,1.58128,0,0,-0.944724
0.0482951,0.011429,-39579.8,62814.3,1,1,1.58633,0,0,-0.939672
0.0442365,0.00247467,-39579.8,63014.3,1,1,1.59138,0,0,-0.93462
0.0401779,-0.00647976,-39579.7,63214.2,1,1,1.59643,0,0,-0.929568
0.0361007,-0.0154149,-39579.6,63414.2,1,1,1.60148,0,0,-0.924516
0.026612,-0.0187716,-39579.5,63614.1,1,1,1.60654,0,0,-0.919464
0.0171234,-0.0221283,-39579.5,63814.1,1,1,1.61159,0,0,-0.914412
0.00763465,-0.025485,-39579.4,64014,1,1,1.61664,0,0,-0.90936
-0.00185395,-0.0288416,-39579.4,64214,1,1,1.62169,0,0,-0.904308
-0.0113427,-0.0321983,-39579.3,64413.9,1,1,1.62674,0,0,-0.899256
-0.0208313,-0.035555,-39579.2,64613.9,1,1,1.6318,0,0,-0.894204
-0.03032,-0.0389117,-39579.2,64813.9,1,1,1.63685,0,0,-0.889152
-0.0398086,-0.0422683,-39579.1,65013.8,1,1,1.6419,0,0,-0.8841
-0.0492973,-0.045625,-39579.1,65213.8,1,1,1.64695,0,0,-0.879048
-0.0587859,-0.0489817,-39579,65413.7,1,1,1.652,0,0,-0.873996
-0.0601044,-0.0506017,-39578.9,65613.7,1,1,1.65706,0,0,-0.868944
-0.0562621,-0.0511246,-39578.8,65813.6,1,1,1.66211,0,0,-0.863892
-0.0524197,-0.0516476,-39578.7,66013.6,1,1,1.66716,0,0,-0.85884
-0.0520128,-0.051508,-39578.6,66213.5,1,1,1.67221,0,0,-0.853788
-0.00997964,-0.0519088,-39578.4,66413.5,1,1,1.67726,0,0,-0.848736
0.032053,-0.0523096,-39578.2,66613.4,1,1,1.68232,0,0,-0.843684
0.0740862,-0.0527104,-39578,66813.4,1,1,1.68737,0,0,-0.838632
0.11369,-0.0537747,-39577.8,67013.3,1,1,1.69242,0,0,-0.83358
0.1022,-0.0338432,-39577.8,67213.3,1,1,1.69747,0,0,-0.828528
0.0808757,-0.00918693,-39577.8,67413.2,1,1,1.70252,0,0,-0.823476
0.0535008,0.0108422,-39577.7,67613.2,1,1,1.70758,0,0,-0.818424
-0.01092,-0.00130259,-39577.5,67813.1,1,1,1.71263,0,0,-0.813372
-0.0753416,-0.0134475,-39577.3,68013,1,1,1.71768,0,0,-0.80832
-0.129466,-0.0251627,-39577.2,68213,1,1,1.72273,0,0,-0.803268
-0.116228,-0.0340673,-39577,68412.9,1,1,1.72778,0,0,-0.798216
-0.10711,-0.0459697,-39576.9,68612.9,1,1,1.73284,0,0,-0.793164
-0.0989545,-0.0265814,-39576.9,68812.8,1,1,1.73789,0,0,-0.788112
-0.0900629,-0.00442234,-39576.8,69012.8,1,1,1.74294,0,0,-0.78306
-0.0816153,0.0142708,-39576.7,69212.7,1,1,1.74799,0,0,-0.778008
-0.0731571,0.0330476,-39576.7,69412.6,1,1,1.75304,0,0,-0.772956
-0.0646987,0.0518246,-39576.6,69612.6,1,1,1.7581,0,0,-0.767904
-0.0526052,0.0730711,-39576.6,69812.5,1,1,1.76315,0,0,-0.762852
-0.031898,0.10017,-39576.5,70012.5,1,1,1.7682,0,0,-0.7578
-0.0186723,0.116397,-39576.5,70212.4,1,1,1.77325,0,0,-0.752748
-0.00584879,0.132039,-39576.4,70412.4,1,1,1.7783,0,0,-0.747696
-0.000280649,0.131909,-39576.4,70612.3,1,1,1.78336,0,0,-0.742644
-0.00424127,0.103856,-39576.3,70812.2,1,1,1.78841,0,0,-0.737592
-0.00694866,0.070962,-39576.1,71012.2,1,1,1.79346,0,0,-0.73254
-0.00587946,0.0121769,-39576,71212.1,1,1,1.79851,0,0,-0.727488
-0.00527951,-0.0489015,-39575.9,71412,1,1,1.80356,0,0,-0.722436
-0.00507447,-0.108337,-39575.8,71612,1,1,1.80862,0,0,-0.717384
-0.0172345,-0.118318,-39575.7,71811.9,1,1,1.81367,0,0,-0.712332
-0.0354373,-0.104132,-39575.6,72011.9,1,1,1.81872,0,0,-0.70728
-0.0296566,-0.10733,-39575.5,72211.8,1,1,1.82377,0,0,-0.702228
-0.0178001,-0.114932,-39575.4,72411.7,1,1,1.82882,0,0,-0.697176
-0.0112539,-0.114789,-39575.4,72611.7,1,1,1.83388,0,0,-0.692124
-0.00520979,-0.113913,-39575.3,72811.6,1,1,1.83893,0,0,-0.687072
-0.00559402,-0.0945204,-39575.3,73011.5,1,1,1.84398,0,0,-0.68202
-0.00730632,-0.0713017,-39575.2,73211.5,1,1,1.84903,0,0,-0.676968
-0.0106008,-0.0573551,-39575.2,73411.4,1,1,1.85408,0,0,-0.671916
-0.015653,-0.0537075,-39575.1,73611.3,1,1,1.85914,0,0,-0.666864
-0.020705,-0.0500599,-39575,73811.3,1,1,1.86419,0,0,-0.661812
-0.0257571,-0.0464123,-39574.9,74011.2,1,1,1.86924,0,0,-0.65676
-0.0308092,-0.0427648,-39574.8,74211.1,1,1,1.87429,0,0,-0.651708
-0.0358613,-0.0391172,-39574.8,74411.1,1,1,1.87934,0,0,-0.646656
-0.0367863,-0.0312037,-39574.7,74611,1,1,1.8844,0,0,-0.641604
-0.0363063,-0.0218379,-39574.6,74810.9,1,1,1.88945,0,0,-0.636552
-0.0358263,-0.0124721,-39574.5,75010.9,1,1,1.8945,0,0,-0.6315
-0.0358821,-0.00563769,-39574.5,75210.8,1,1,1.89955,0,0,-0.626448
-0.0369748,-0.00370234,-39574.4,75410.7,1,1,1.9046,0,0,-0.621396
-0.0380675,-0.00176696,-39574.3,75610.7,1,1,1.90966,0,0,-0.616344
-0.0386929,0.00432542,-39574.2,75810.6,1,1,1.91471,0,0,-0.611292
-0.0359691,0.000203504,-39574.1,76010.5,1,1,1.91976,0,0,-0.60624
-0.0315191,-0.00245524,-39574,76210.4,1,1,1.92481,0,0,-0.601188
-0.027069,-0.00511401,-39574,76410.4,1,1,1.92986,0,0,-0.596136
-0.0226189,-0.00777276,-39573.9,76610.3,1,1,1.93492,0,0,-0.591084
-0.0181689,-0.0104315,-39573.8,76810.2,1,1,1.93997,0,0,-0.586032
-0.0137188,-0.0130903,-39573.8,77010.1,1,1,1.94502,0,0,-0.58098
-0.00926873,-0.015749,-39573.7,77210.1,1,1,1.95007,0,0,-0.575928
-0.00904158,-0.0159508,-39573.7,77410,1,1,1.95512,0,0,-0.570876
-0.0103636,-0.0152511,-39573.6,77609.9,1,1,1.96018,0,0,-0.565824
-0.0116857,-0.0145515,-39573.6,77809.9,1,1,1.96523,0,0,-0.560772
-0.0130077,-0.0138518,-39573.6,78009.8,1,1,1.97028,0,0,-0.55572
-0.0143687,-0.0145081,-39573.5,78209.7,1,1,1.97533,0,0,-0.550668
-0.015788,-0.0171894,-39573.5,78409.6,1,1,1.98038,0,0,-0.545616
-0.0172072,-0.0198707,-39573.4,78609.5,1,1,1.98544,0,0,-0.540564
-0.0186265,-0.022552,-39573.4,78809.5,1,1,1.99049,0,0,-0.535512
-0.0200457,-0.0252332,-39573.3,79009.4,1,1,1.99554,0,0,-0.53046
-0.0191239,-0.0281137,-39573.3,79209.3,1,1,2.00059,0,0,-0.525408
-0.0106485,-0.0316371,-39573.2,79409.2,1,1,2.00564,0,0,-0.520356
0.00473589,-0.0329727,-39573.1,79609.2,1,1,2.0107,0,0,-0.515304
0.024106,-0.0328251,-39572.9,79809.1,1,1,2.01575,0,0,-0.510252
0.026843,-0.0372747,-39572.9,80009,1,1,2.0208,0,0,-0.5052
0.0295801,-0.0417244,-39572.8,80208.9,1,1,2.02585,0,0,-0.500148
0.0220838,-0.0366598,-39572.8,80408.9,1,1,2.0309,0,0,-0.495096
0.0117769,-0.0289822,-39572.7,80608.8,1,1,2.03596,0,0,-0.490044
0.00147005,-0.0213046,-39572.6,80808.7,1,1,2.04101,0,0,-0.484992
-0.00883683,-0.013627,-39572.5,81008.6,1,1,2.04606,0,0,-0.47994
-0.0191437,-0.00594937,-39572.5,81208.5,1,1,2.05111,0,0,-0.474888
-0.0267608,0.000390175,-39572.4,81408.5,1,1,2.05616,0,0,-0.469836
-0.0298321,0.00446831,-39572.3,81608.4,1,1,2.06122,0,0,-0.464784
-0.0342455,0.00838619,-39572.3,81808.3,1,1,2.06627,0,0,-0.459732
-0.0474852,0.0112501,-39572.2,82008.2,1,1,2.07132,0,0,-0.45468
-0.0563783,0.0127245,-39572.2,82208.1,1,1,2.07637,0,0,-0.449628
-0.0606305,0.0127151,-39572.1,82408,1,1,2.08142,0,0,-0.444576
-0.0568264,0.0146826,-39572.1,82608,1,1,2.08648,0,0,-0.439524
-0.0509181,0.0171666,-39572,82807.9,1,1,2.09153,0,0,-0.434472
-0.0487898,0.0166539,-39572,83007.8,1,1,2.09658,0,0,-0.42942
-0.0543706,0.0100296,-39571.9,83207.7,1,1,2.10163,0,0,-0.424368
-0.0599514,0.00340531,-39571.9,83407.6,1,1,2.10668,0,0,-0.419316
-0.0569842,-0.00141733,-39571.9,83607.6,1,1,2.11174,0,0,-0.414264
-0.0516314,-0.00573715,-39571.8,83807.5,1,1,2.11679,0,0,-0.409212
-0.0498512,-0.00210932,-39571.8,84007.4,1,1,2.12184,0,0,-0.40416
-0.0417671,0.00357521,-39571.7,84207.3,1,1,2.12689,0,0,-0.399108
-0.033502,0.0093152,-39571.7,84407.2,1,1,2.13194,0,0,-0.394056
-0.0252368,0.0150552,-39571.6,84607.1,1,1,2.137,0,0,-0.389004
-0.0169717,0.0207952,-39571.6,84807,1,1,2.14205,0,0,-0.383952
-0.0087065,0.0265352,-39571.5,85007,1,1,2.1471,0,0,-0.3789
-0.000441345,0.0322752,-39571.5,85206.9,1,1,2.15215,0,0,-0.373848
0.00636605,0.0370961,-39571.4,85406.8,1,1,2.1572,0,0,-0.368796
0.00979907,0.0367955,-39571.4,85606.7,1,1,2.16226,0,0,-0.363744
0.0125216,0.0352191,-39571.3,85806.6,1,1,2.16731,0,0,-0.358692
0.0152441,0.0336428,-39571.2,86006.5,1,1,2.17236,0,0,-0.35364
0.0179667,0.0320664,-39571.2,86206.4,1,1,2.17741,0,0,-0.348588
0.0206892,0.03049,-39571.1,86406.4,1,1,2.18246,0,0,-0.343536
0.022412,0.0306722,-39571.1,86606.3,1,1,2.18752,0,0,-0.338484
0.0224638,0.0298992,-39571,86806.2,1,1,2.19257,0,0,-0.333432
0.0230943,0.0267506,-39571,87006.1,1,1,2.19762,0,0,-0.32838
0.0251345,0.025971,-39571,87206,1,1,2.20267,0,0,-0.323328
0.0271748,0.0251914,-39570.9,87405.9,1,1,2.20772,0,0,-0.318276
0.0292151,0.0244118,-39570.9,87605.8,1,1,2.21278,0,0,-0.313224
0.0312553,0.0236322,-39570.9,87805.8,1,1,2.21783,0,0,-0.308172
0.0332956,0.0228525,-39570.8,88005.7,1,1,2.22288,0,0,-0.30312
0.0345116,0.0194242,-39570.8,88205.6,1,1,2.22793,0,0,-0.298068
0.0341594,0.0109558,-39570.8,88405.5,1,1,2.23298,0,0,-0.293016
0.0338072,0.0024874,-39570.7,88605.4,1,1,2.23804,0,0,-0.287964
0.033455,-0.00598102,-39570.7,88805.3,1,1,2.24309,0,0,-0.282912
0.0331028,-0.0144494,-39570.7,89005.2,1,1,2.24814,0,0,-0.27786
0.0319287,-0.0195844,-39570.6,89205.1,1,1,2.25319,0,0,-0.272808
0.0305818,-0.0240187,-39570.6,89405,1,1,2.25824,0,0,-0.267756
0.0300005,-0.0261159,-39570.5,89605,1,1,2.2633,0,0,-0.262704
0.0314489,-0.0220165,-39570.5,89804.9,1,1,2.26835,0,0,-0.257652
0.0328974,-0.0179172,-39570.5,90004.8,1,1,2.2734,0,0,-0.2526
0.0343459,-0.0138178,-39570.5,90204.7,1,1,2.27845,0,0,-0.247548
0.0357943,-0.00971845,-39570.4,90404.6,1,1,2.2835,0,0,-0.242496
0.0372428,-0.0056191,-39570.4,90604.5,1,1,2.28856,0,0,-0.237444
0.0386912,-0.00151975,-39570.4,90804.4,1,1,2.29361,0,0,-0.232392
0.036876,0.000658411,-39570.3,91004.3,1,1,2.29866,0,0,-0.22734
0.0355688,0.000470896,-39570.3,91204.2,1,1,2.30371,0,0,-0.222288
0.0348464,-0.000558466,-39570.3,91404.1,1,1,2.30876,0,0,-0.217236
0.034124,-0.00158783,-39570.3,91604,1,1,2.31382,0,0,-0.212184
0.0314248,-0.00212477,-39570.2,91804,1,1,2.31887,0,0,-0.207132
0.0265824,-0.00212786,-39570.2,92003.9,1,1,2.32392,0,0,-0.20208
0.0217401,-0.00213095,-39570.2,92203.8,1,1,2.32897,0,0,-0.197028
0.0168977,-0.00213404,-39570.1,92403.7,1,1,2.33402,0,0,-0.191976
0.0165859,-0.00409898,-39570.1,92603.6,1,1,2.33908,0,0,-0.186924
0.0197241,-0.006274,-39570.1,92803.5,1,1,2.34413,0,0,-0.181872
0.0213713,-0.00636117,-39570,93003.4,1,1,2.34918,0,0,-0.17682
0.0204018,-0.00767025,-39570,93203.3,1,1,2.35423,0,0,-0.171768
0.018904,-0.00990933,-39570,93403.2,1,1,2.35928,0,0,-0.166716
0.0174063,-0.0121484,-39570,93603.1,1,1,2.36434,0,0,-0.161664
0.0159086,-0.0143875,-39570,93803,1,1,2.36939,0,0,-0.156612
0.0144108,-0.0166266,-39570,94002.9,1,1,2.37444,0,0,-0.15156
0.0129131,-0.0188657,-39570,94202.9,1,1,2.37949,0,0,-0.146508
0.0114153,-0.0211048,-39569.9,94402.8,1,1,2.38454,0,0,-0.141456
0.0099176,-0.0233438,-39569.9,94602.7,1,1,2.3896,0,0,-0.136404
0.00729484,-0.0212195,-39569.9,94802.6,1,1,2.39465,0,0,-0.131352
0.00314556,-0.0188159,-39569.9,95002.5,1,1,2.3997,0,0,-0.1263
-0.00100372,-0.0164123,-39569.9,95202.4,1,1,2.40475,0,0,-0.121248
-0.00515299,-0.0140087,-39569.9,95402.3,1,1,2.4098,0,0,-0.116196
-0.00930227,-0.0116051,-39569.8,95602.2,1,1,2.41486,0,0,-0.111144
-0.0134515,-0.00920154,-39569.8,95802.1,1,1,2.41991,0,0,-0.106092
-0.0105154,-0.00786642,-39569.8,96002,1,1,2.42496,0,0,-0.10104
-0.00624809,-0.00673203,-39569.8,96201.9,1,1,2.43001,0,0,-0.095988
-0.0019808,-0.00559764,-39569.8,96401.8,1,1,2.43506,0,0,-0.090936
0.00143554,-0.00448246,-39569.8,96601.7,1,1,2.44012,0,0,-0.085884
0.000801464,-0.004034,-39569.8,96801.6,1,1,2.44517,0,0,-0.080832
0.000167393,-0.00358555,-39569.7,97001.5,1,1,2.45022,0,0,-0.07578
-0.000466679,-0.00313709,-39569.7,97201.5,1,1,2.45527,0,0,-0.070728
-0.00114188,-0.00230555,-39569.7,97401.4,1,1,2.46032,0,0,-0.065676
-0.00183991,-0.00126147,-39569.7,97601.3,1,1,2.46538,0,0,-0.060624
-0.00253793,-0.000217389,-39569.7,97801.2,1,1,2.47043,0,0,-0.055572
-0.00323596,0.00082669,-39569.7,98001.1,1,1,2.47548,0,0,-0.05052
-0.00393398,0.00187077,-39569.7,98201,1,1,2.48053,0,0,-0.045468
-0.00463201,0.00291485,-39569.7,98400.9,1,1,2.48558,0,0,-0.040416
-0.00533003,0.00395893,-39569.7,98600.8,1,1,2.49064,0,0,-0.035364
-0.00602805,0.00500301,-39569.7,98800.7,1,1,2.49569,0,0,-0.030312
-0.00672608,0.00604709,-39569.7,99000.6,1,1,2.50074,0,0,-0.02526
-0.0074241,0.00709116,-39569.7,99200.5,1,1,2.50579,0,0,-0.020208
-0.00597852,0.00799909,-39569.7,99400.4,1,1,2.51084,0,0,-0.015156
-0.00378205,0.00822818,-39569.7,99600.3,1,1,2.5159,0,0,-0.010104
-0.00235409,0.00890833,-39569.7,99800.2,1,1,2.52095,0,0,-0.005052
-0.00326576,0.00926986,-39569.7,100000,1,1,2.526,0,0,0
-0.00422175,0.00957201,-39569.7,100200,1,1,2.53105,0,0,0.005052
-0.00517774,0.00987417,-39569.7,100400,1,1,2.5361,0,0,0.010104
-0.00613373,0.0101763,-39569.7,100600,1,1,2.54116,0,0,0.015156
-0.00708971,0.0104785,-39569.7,100800,1,1,2.54621,0,0,0.020208
-0.0079979,0.0107773,-39569.7,101000,1,1,2.55126,0,0,0.02526
-0.00890141,0.0110759,-39569.7,101200,1,1,2.55631,0,0,0.030312
-0.00980492,0.0113744,-39569.7,101399,1,1,2.56136,0,0,0.035364
-0.0107084,0.011673,-39569.7,101599,1,1,2.56642,0,0,0.040416
-0.0116119,0.0119715,-39569.7,101799,1,1,2.57147,0,0,0.045468
-0.0125969,0.012136,-39569.7,101999,1,1,2.57652,0,0,0.05052
-0.0139719,0.0115244,-39569.7,102199,1,1,2.58157,0,0,0.055572
-0.0129716,0.0112533,-39569.8,102399,1,1,2.58662,0,0,0.060624
-0.0119712,0.0109822,-39569.8,102599,1,1,2.59168,0,0,0.065676
-0.0109709,0.0107111,-39569.8,102799,1,1,2.59673,0,0,0.070728
-0.0099705,0.0104399,-39569.8,102999,1,1,2.60178,0,0,0.07578
-0.00897014,0.0101688,-39569.8,103199,1,1,2.60683,0,0,0.080832
-0.00796978,0.00989771,-39569.8,103399,1,1,2.61188,0,0,0.085884
-0.0071975,0.00986756,-39569.8,103598,1,1,2.61694,0,0,0.090936
-0.00817346,0.0116845,-39569.8,103798,1,1,2.62199,0,0,0.095988
-0.0091469,0.0134086,-39569.8,103998,1,1,2.62704,0,0,0.10104
-0.00999337,0.0104714,-39569.8,104198,1,1,2.63209,0,0,0.106092
-0.00917554,0.00739728,-39569.8,104398,1,1,2.63714,0,0,0.111144
-0.00655488,0.00417479,-39569.9,104598,1,1,2.6422,0,0,0.116196
-0.00393421,0.000952292,-39569.9,104798,1,1,2.64725,0,0,0.121248
-0.00131354,-0.00227021,-39569.9,104998,1,1,2.6523,0,0,0.1263
0.00130713,-0.00549271,-39569.9,105198,1,1,2.65735,0,0,0.131352
0.00456882,-0.00793246,-39569.9,105398,1,1,2.6624,0,0,0.136404
0.0094471,-0.00839833,-39569.9,105598,1,1,2.66746,0,0,0.141456
0.0143254,-0.0088642,-39569.9,105797,1,1,2.67251,0,0,0.146508
0.0192037,-0.00933007,-39570,105997,1,1,2.67756,0,0,0.15156
0.0196297,-0.0110061,-39570,106197,1,1,2.68261,0,0,0.156612
0.015894,-0.0138134,-39570,106397,1,1,2.68766,0,0,0.161664
0.0121583,-0.0166206,-39570,106597,1,1,2.69272,0,0,0.166716
0.00842266,-0.0194279,-39570,106797,1,1,2.69777,0,0,0.171768
0.00472543,-0.0221004,-39570.1,106997,1,1,2.70282,0,0,0.17682
0.00151444,-0.0230685,-39570.1,107197,1,1,2.70787,0,0,0.181872
0.00432636,-0.0191856,-39570.1,107397,1,1,2.71292,0,0,0.186924
0.00816601,-0.0133329,-39570.2,107597,1,1,2.71798,0,0,0.191976
0.0121244,-0.00706405,-39570.2,107797,1,1,2.72303,0,0,0.197028
0.0155226,-0.00164606,-39570.3,107996,1,1,2.72808,0,0,0.20208
0.0183668,0.00293025,-39570.3,108196,1,1,2.73313,0,0,0.207132
0.0193824,0.00616431,-39570.4,108396,1,1,2.73818,0,0,0.212184
0.0175584,0.00852291,-39570.4,108596,1,1,2.74324,0,0,0.217236
0.0157343,0.0108815,-39570.4,108796,1,1,2.74829,0,0,0.222288
0.0138574,0.0130358,-39570.4,108996,1,1,2.75334,0,0,0.22734
0.0113083,0.0125868,-39570.4,109196,1,1,2.75839,0,0,0.232392
0.0087592,0.0121379,-39570.4,109396,1,1,2.76344,0,0,0.237444
0.00621008,0.011689,-39570.5,109596,1,1,2.7685,0,0,0.242496
0.00366096,0.01124,-39570.5,109796,1,1,2.77355,0,0,0.247548
0.00111183,0.0107911,-39570.5,109996,1,1,2.7786,0,0,0.2526
-0.0014373,0.0103421,-39570.5,110195,1,1,2.78365,0,0,0.257652
-0.00362966,0.0100168,-39570.5,110395,1,1,2.7887,0,0,0.262704
-0.00581389,0.00969414,-39570.6,110595,1,1,2.79376,0,0,0.267756
-0.00799816,0.00937153,-39570.6,110795,1,1,2.79881,0,0,0.272808
-0.00430117,0.00958846,-39570.6,110995,1,1,2.80386,0,0,0.27786
0.000420708,0.00989941,-39570.6,111195,1,1,2.80891,0,0,0.282912
0.00514259,0.0102104,-39570.7,111395,1,1,2.81396,0,0,0.287964
0.00986447,0.0105213,-39570.7,111595,1,1,2.81902,0,0,0.293016
0.0145863,0.0108323,-39570.7,111795,1,1,2.82407,0,0,0.298068
0.0193082,0.0111432,-39570.7,111995,1,1,2.82912,0,0,0.30312
0.0240301,0.0114542,-39570.8,112195,1,1,2.83417,0,0,0.308172
0.028752,0.0117651,-39570.8,112394,1,1,2.83922,0,0,0.313224
0.0334739,0.0120761,-39570.8,112594,1,1,2.84428,0,0,0.318276
0.0367544,0.0128706,-39570.9,112794,1,1,2.84933,0,0,0.323328
0.0366742,0.0147925,-39570.9,112994,1,1,2.85438,0,0,0.32838
0.036594,0.0167144,-39571,113194,1,1,2.85943,0,0,0.333432
0.029805,0.0225253,-39571,113394,1,1,2.86448,0,0,0.338484
0.0342119,0.0257767,-39571.1,113594,1,1,2.86954,0,0,0.343536
0.0258624,0.0219946,-39571.1,113794,1,1,2.87459,0,0,0.348588
0.0189711,0.0188174,-39571.2,113994,1,1,2.87964,0,0,0.35364
0.0140523,0.0164584,-39571.2,114194,1,1,2.88469,0,0,0.358692
0.00913336,0.0140995,-39571.3,114394,1,1,2.88974,0,0,0.363744
0.00421446,0.0117405,-39571.4,114593,1,1,2.8948,0,0,0.368796
0.00167784,0.00498538,-39571.4,114793,1,1,2.89985,0,0,0.373848
-0.000235102,-0.00292068,-39571.4,114993,1,1,2.9049,0,0,0.3789
-0.00214804,-0.0108267,-39571.5,115193,1,1,2.90995,0,0,0.383952
-0.0116871,-0.00324133,-39571.5,115393,1,1,2.915,0,0,0.389004
-0.0190029,0.003755,-39571.6,115593,1,1,2.92006,0,0,0.394056
-0.0222422,0.00945687,-39571.6,115793,1,1,2.92511,0,0,0.399108
-0.0254814,0.0151587,-39571.7,115993,1,1,2.93016,0,0,0.40416
-0.0287207,0.0208606,-39571.7,116193,1,1,2.93521,0,0,0.409212
-0.0319599,0.0265625,-39571.8,116393,1,1,2.94026,0,0,0.414264
-0.0438973,0.0418345,-39571.9,116593,1,1,2.94532,0,0,0.419316
-0.0416404,0.0428036,-39571.9,116793,1,1,2.95037,0,0,0.424368
-0.0353975,0.0397549,-39572,116992,1,1,2.95542,0,0,0.42942
-0.0291545,0.0367061,-39572,117192,1,1,2.96047,0,0,0.434472
-0.0229116,0.0336574,-39572.1,117392,1,1,2.96552,0,0,0.439524
-0.0149197,0.0280138,-39572.1,117592,1,1,2.97058,0,0,0.444576
-0.00638347,0.0215626,-39572.2,117792,1,1,2.97563,0,0,0.449628
0.0021528,0.0151113,-39572.2,117992,1,1,2.98068,0,0,0.45468
0.004038,0.0100273,-39572.3,118192,1,1,2.98573,0,0,0.459732
0.00446859,0.00524228,-39572.3,118392,1,1,2.99078,0,0,0.464784
0.00459295,0.00128884,-39572.4,118592,1,1,2.99584,0,0,0.469836
0.00425939,-0.00142116,-39572.4,118792,1,1,3.00089,0,0,0.474888
0.00392583,-0.00413117,-39572.5,118992,1,1,3.00594,0,0,0.47994
0.00359227,-0.00684117,-39572.6,119192,1,1,3.01099,0,0,0.484992
0.00325872,-0.00955117,-39572.6,119392,1,1,3.01604,0,0,0.490044
0.00292516,-0.0122612,-39572.7,119591,1,1,3.0211,0,0,0.495096
0.0025916,-0.0149712,-39572.7,119791,1,1,3.02615,0,0,0.500148
0.00225804,-0.0176812,-39572.8,119991,1,1,3.0312,0,0,0.5052
0.00192449,-0.0203912,-39572.8,120191,1,1,3.03625,0,0,0.510252
0.00300483,-0.0236457,-39572.9,120391,1,1,3.0413,0,0,0.515304
0.00509783,-0.0272902,-39573,120591,1,1,3.04636,0,0,0.520356
0.00802606,-0.0284392,-39573,120791,1,1,3.05141,0,0,0.525408
0.0106623,-0.0245031,-39573.1,120991,1,1,3.05646,0,0,0.53046
0.0106672,-0.0233919,-39573.1,121191,1,1,3.06151,0,0,0.535512
0.0101348,-0.0212017,-39573.2,121391,1,1,3.06656,0,0,0.540564
0.00797751,-0.0157478,-39573.3,121591,1,1,3.07162,0,0,0.545616
0.00582022,-0.0102938,-39573.3,121791,1,1,3.07667,0,0,0.550668
0.00175454,-0.00431738,-39573.4,121991,1,1,3.08172,0,0,0.55572
-0.00295032,0.00183413,-39573.5,122190,1,1,3.08677,0,0,0.560772
-0.00765511,0.00798557,-39573.5,122390,1,1,3.09182,0,0,0.565824
-0.01236,0.0141371,-39573.6,122590,1,1,3.09688,0,0,0.570876
-0.0170648,0.0202885,-39573.7,122790,1,1,3.10193,0,0,0.575928
-0.0217696,0.02644,-39573.7,122990,1,1,3.10698,0,0,0.58098
-0.0264744,0.0325915,-39573.8,123190,1,1,3.11203,0,0,0.586032
-0.0297624,0.0345814,-39573.9,123390,1,1,3.11708,0,0,0.591084
-0.0322163,0.0341221,-39574,123590,1,1,3.12214,0,0,0.596136
-0.0342674,0.0346385,-39574.1,123790,1,1,3.12719,0,0,0.601188
-0.0347242,0.0390146,-39574.1,123990,1,1,3.13224,0,0,0.60624
-0.035181,0.0433907,-39574.2,124190,1,1,3.13729,0,0,0.611292
-0.0356378,0.0477667,-39574.3,124390,1,1,3.14234,0,0,0.616344
-0.0360947,0.0521428,-39574.3,124590,1,1,3.1474,0,0,0.621396
-0.0365515,0.0565188,-39574.4,124789,1,1,3.15245,0,0,0.626448
-0.0370083,0.0608949,-39574.5,124989,1,1,3.1575,0,0,0.6315
-0.0340149,0.0656156,-39574.5,125189,1,1,3.16255,0,0,0.636552
-0.0301187,0.0704266,-39574.6,125389,1,1,3.1676,0,0,0.641604
-0.0285602,0.0778051,-39574.7,125589,1,1,3.17266,0,0,0.646656
-0.025237,0.0796243,-39574.7,125789,1,1,3.17771,0,0,0.651708
-0.0255377,0.0782465,-39574.8,125989,1,1,3.18276,0,0,0.65676
-0.0249217,0.0753999,-39574.9,126189,1,1,3.18781,0,0,0.661812
-0.0243058,0.0725533,-39575,126389,1,1,3.19286,0,0,0.666864
-0.0236898,0.0697067,-39575.1,126589,1,1,3.19792,0,0,0.671916
-0.0230738,0.0668601,-39575.2,126789,1,1,3.20297,0,0,0.676968
-0.0224578,0.0640134,-39575.3,126989,1,1,3.20802,0,0,0.68202
-0.0240571,0.0570839,-39575.4,127189,1,1,3.21307,0,0,0.687072
0.00879828,0.0577925,-39575.5,127389,1,1,3.21812,0,0,0.692124
0.0172705,0.0559227,-39575.6,127589,1,1,3.22318,0,0,0.697176
0.0208147,0.0535317,-39575.7,127788,1,1,3.22823,0,0,0.702228
0.0243589,0.0511408,-39575.8,127988,1,1,3.23328,0,0,0.70728
0.0270011,0.0488875,-39575.9,128188,1,1,3.23833,0,0,0.712332
0.02492,0.0473558,-39575.9,128388,1,1,3.24338,0,0,0.717384
0.022839,0.0458241,-39576,128588,1,1,3.24844,0,0,0.722436
0.020758,0.0442924,-39576,128788,1,1,3.25349,0,0,0.727488
0.0186769,0.0427607,-39576.1,128988,1,1,3.25854,0,0,0.73254
0.0165958,0.041229,-39576.1,129188,1,1,3.26359,0,0,0.737592
0.0145148,0.0396973,-39576.2,129388,1,1,3.26864,0,0,0.742644
0.0124337,0.0381655,-39576.2,129588,1,1,3.2737,0,0,0.747696
0.0138012,0.0355714,-39576.3,129788,1,1,3.27875,0,0,0.752748
0.0178844,0.0225619,-39576.3,129988,1,1,3.2838,0,0,0.7578
0.0199111,0.00540812,-39576.4,130188,1,1,3.28885,0,0,0.762852
0.0169431,0.00780369,-39576.5,130388,1,1,3.2939,0,0,0.767904
0.0142132,0.00502304,-39576.7,130588,1,1,3.29896,0,0,0.772956
0.0119181,-0.000749914,-39576.8,130788,1,1,3.30401,0,0,0.778008
0.00962286,-0.00652293,-39577,130988,1,1,3.30906,0,0,0.78306
0.00100862,-0.0170563,-39577.1,131187,1,1,3.31411,0,0,0.788112
-0.00428673,-0.0318169,-39577.2,131387,1,1,3.31916,0,0,0.793164
-0.00958186,-0.0465773,-39577.3,131587,1,1,3.32422,0,0,0.798216
-0.0143239,-0.060171,-39577.5,131787,1,1,3.32927,0,0,0.803268
-0.0047318,-0.0435303,-39577.6,131987,1,1,3.33432,0,0,0.80832
-0.0106954,-0.0265759,-39577.7,132187,1,1,3.33937,0,0,0.813372
-0.0167777,-0.00961937,-39577.8,132387,1,1,3.34442,0,0,0.818424
-0.0228601,0.00733738,-39577.9,132587,1,1,3.34948,0,0,0.823476
-0.0290456,0.0242746,-39578,132787,1,1,3.35453,0,0,0.828528
-0.0370748,0.0408658,-39578.1,132987,1,1,3.35958,0,0,0.83358
-0.0451038,0.0574568,-39578.2,133187,1,1,3.36463,0,0,0.838632
-0.0387861,0.0588256,-39578.2,133387,1,1,3.36968,0,0,0.843684
-0.0195392,0.0464759,-39578.3,133587,1,1,3.37474,0,0,0.848736
-0.000291979,0.034126,-39578.4,133787,1,1,3.37979,0,0,0.853788
0.00487902,0.0320249,-39578.4,133987,1,1,3.38484,0,0,0.85884
-0.0087908,0.0436418,-39578.5,134187,1,1,3.38989,0,0,0.863892
-0.0119049,0.0446633,-39578.6,134387,1,1,3.39494,0,0,0.868944
0.0257975,0.00471483,-39578.7,134587,1,1,3.4,0,0,0.873996
0.0634995,-0.0352331,-39578.8,134787,1,1,3.40505,0,0,0.879048
0.101202,-0.0751815,-39578.9,134986,1,1,3.4101,0,0,0.8841
0.136813,-0.119891,-39579.1,135186,1,1,3.41515,0,0,0.889152
0.154103,-0.139509,-39579.2,135386,1,1,3.4202,0,0,0.894204
0.145585,-0.135233,-39579.3,135586,1,1,3.42526,0,0,0.899256
0.136935,-0.130997,-39579.4,135786,1,1,3.43031,0,0,0.904308
0.128285,-0.12676,-39579.5,135986,1,1,3.43536,0,0,0.90936
0.119635,-0.122523,-39579.5,136186,1,1,3.44041,0,0,0.914412
0.110984,-0.118286,-39579.6,136386,1,1,3.44546,0,0,0.919464
0.102334,-0.11405,-39579.7,136586,1,1,3.45052,0,0,0.924516
0.0936841,-0.109813,-39579.8,136786,1,1,3.45557,0,0,0.929568
0.0844314,-0.105895,-39579.8,136986,1,1,3.46062,0,0,0.93462
0.056363,-0.111926,-39579.9,137186,1,1,3.46567,0,0,0.939672
0.0282943,-0.117958,-39580.1,137386,1,1,3.47072,0,0,0.944724
0.0183658,-0.104976,-39580.2,137586,1,1,3.47578,0,0,0.949776
0.013355,-0.0868385,-39580.3,137786,1,1,3.48083,0,0,0.954828
0.00834419,-0.0687012,-39580.4,137986,1,1,3.48588,0,0,0.95988
0.00467254,-0.050819,-39580.5,138186,1,1,3.49093,0,0,0.964932
0.00722587,-0.0341234,-39580.6,138386,1,1,3.49598,0,0,0.969984
0.00977924,-0.0174276,-39580.7,138586,1,1,3.50104,0,0,0.975036
0.0108746,-0.0117666,-39580.9,138786,1,1,3.50609,0,0,0.980088
0.0104648,-0.0174982,-39581,138986,1,1,3.51114,0,0,0.98514
0.010055,-0.0232297,-39581.1,139186,1,1,3.51619,0,0,0.990192
0.00964518,-0.0289613,-39581.2,139386,1,1,3.52124,0,0,0.995244
0.00923537,-0.0346928,-39581.3,139586,1,1,3.5263,0,0,1.0003
0.0205563,-0.0232418,-39581.4,139785,1,1,3.53135,0,0,1.00535
0.0372378,-0.00393929,-39581.5,139985,1,1,3.5364,0,0,1.0104
0.03083,-0.00777465,-39581.7,140185,1,1,3.54145,0,0,1.01545
0.00700725,-0.029062,-39581.8,140385,1,1,3.5465,0,0,1.0205
-0.0168156,-0.0503492,-39581.9,140585,1,1,3.55156,0,0,1.02556
-0.0271246,-0.0602281,-39582,140785,1,1,3.55661,0,0,1.03061
-0.0334894,-0.0667773,-39582.2,140985,1,1,3.56166,0,0,1.03566
-0.0398543,-0.0733265,-39582.3,141185,1,1,3.56671,0,0,1.04071
-0.035722,-0.0706659,-39582.4,141385,1,1,3.57176,0,0,1.04576
-0.0218708,-0.0594783,-39582.5,141585,1,1,3.57682,0,0,1.05082
-0.00576301,-0.0750931,-39582.7,141785,1,1,3.58187,0,0,1.05587
0.0111005,-0.0996823,-39582.8,141985,1,1,3.58692,0,0,1.06092
0.027964,-0.124272,-39582.9,142185,1,1,3.59197,0,0,1.06597
0.0461854,-0.143505,-39583,142385,1,1,3.59702,0,0,1.07102
0.0661902,-0.155705,-39583.1,142585,1,1,3.60208,0,0,1.07608
0.0917463,-0.167075,-39583.2,142785,1,1,3.60713,0,0,1.08113
0.128557,-0.17676,-39583.3,142985,1,1,3.61218,0,0,1.08618
0.165367,-0.186446,-39583.4,143185,1,1,3.61723,0,0,1.09123
0.175893,-0.190616,-39583.5,143385,1,1,3.62228,0,0,1.09628
0.178856,-0.1932,-39583.6,143585,1,1,3.62734,0,0,1.10134
0.182692,-0.195062,-39583.7,143785,1,1,3.63239,0,0,1.10639
0.192237,-0.192213,-39583.9,143985,1,1,3.63744,0,0,1.11144
0.177638,-0.196239,-39583.9,144185,1,1,3.64249,0,0,1.11649
0.162778,-0.200339,-39584,144385,1,1,3.64754,0,0,1.12154
0.142074,-0.191482,-39584.1,144585,1,1,3.6526,0,0,1.1266
0.118792,-0.176911,-39584.1,144785,1,1,3.65765,0,0,1.13165
0.0955091,-0.16234,-39584.2,144985,1,1,3.6627,0,0,1.1367
0.0722271,-0.147769,-39584.3,145185,1,1,3.66775,0,0,1.14175
0.058705,-0.124729,-39584.4,145385,1,1,3.6728,0,0,1.1468
0.0470506,-0.100068,-39584.5,145585,1,1,3.67786,0,0,1.15186
0.0353959,-0.0754066,-39584.5,145785,1,1,3.68291,0,0,1.15691
0.0237414,-0.0507457,-39584.6,145985,1,1,3.68796,0,0,1.16196
0.012087,-0.0260848,-39584.7,146185,1,1,3.69301,0,0,1.16701
0.00376052,0.000732061,-39584.8,146385,1,1,3.69806,0,0,1.17206
-0.00433855,0.027697,-39584.9,146585,1,1,3.70312,0,0,1.17712
-0.0124374,0.0546613,-39585,146785,1,1,3.70817,0,0,1.18217
-0.0212612,0.0820215,-39585.1,146985,1,1,3.71322,0,0,1.18722
-0.0219721,0.0961142,-39585.3,147185,1,1,3.71827,0,0,1.19227
0.00566709,0.0793478,-39585.5,147385,1,1,3.72332,0,0,1.19732
0.0333057,0.0625817,-39585.7,147585,1,1,3.72838,0,0,1.20238
0.0548771,0.0497935,-39585.9,147785,1,1,3.73343,0,0,1.20743
0.0698197,0.0412953,-39586.1,147985,1,1,3.73848,0,0,1.21248
0.0847627,0.0327968,-39586.3,148185,1,1,3.74353,0,0,1.21753
0.0733091,0.0250084,-39586.4,148384,1,1,3.74858,0,0,1.22258
0.0478435,0.0193096,-39586.5,148584,1,1,3.75364,0,0,1.22764
0.0202473,0.0135755,-39586.6,148784,1,1,3.75869,0,0,1.23269
-0.00734957,0.00784129,-39586.7,148984,1,1,3.76374,0,0,1.23774
-0.0349458,0.0021072,-39586.8,149184,1,1,3.76879,0,0,1.24279
-0.062542,-0.0036269,-39586.9,149384,1,1,3.77384,0,0,1.24784
-0.0901382,-0.00936099,-39587,149584,1,1,3.7789,0,0,1.2529
-0.0890913,-0.0337523,-39587,149784,1,1,3.78395,0,0,1.25795
-0.0788408,-0.0583213,-39587.1,149984,1,1,3.789,0,0,1.263
-0.0567741,0.006069,-39587.4,150184,1,1,3.79405,0,0,1.26805
-0.0476644,0.0150815,-39587.6,150384,1,1,3.7991,0,0,1.2731
-0.0513908,-0.0030205,-39587.7,150584,1,1,3.80416,0,0,1.27816
-0.0559001,-0.0228131,-39587.8,150784,1,1,3.80921,0,0,1.28321
-0.0604094,-0.0426056,-39587.9,150984,1,1,3.81426,0,0,1.28826
-0.0612413,-0.0521195,-39588,151184,1,1,3.81931,0,0,1.29331
-0.0589735,-0.0529692,-39588.1,151384,1,1,3.82436,0,0,1.29836
-0.0567058,-0.0538188,-39588.2,151584,1,1,3.82942,0,0,1.30342
-0.0544381,-0.0546685,-39588.3,151784,1,1,3.83447,0,0,1.30847
-0.0521703,-0.0555182,-39588.4,151984,1,1,3.83952,0,0,1.31352
-0.0499025,-0.0563679,-39588.5,152184,1,1,3.84457,0,0,1.31857
-0.0462317,-0.0516604,-39588.6,152384,1,1,3.84962,0,0,1.32362
-0.0429865,-0.0423582,-39588.7,152584,1,1,3.85468,0,0,1.32868
-0.0431063,-0.0361865,-39588.9,152784,1,1,3.85973,0,0,1.33373
-0.043226,-0.0300147,-39589,152984,1,1,3.86478,0,0,1.33878
-0.0433457,-0.0238431,-39589.1,153184,1,1,3.86983,0,0,1.34383
-0.0424945,-0.0147293,-39589.2,153384,1,1,3.87488,0,0,1.34888
-0.0386733,-0.00514735,-39589.3,153584,1,1,3.87994,0,0,1.35394
-0.031766,0.00241914,-39589.5,153784,1,1,3.88499,0,0,1.35899
-0.0248587,0.00998539,-39589.6,153984,1,1,3.89004,0,0,1.36404
-0.0179514,0.0175517,-39589.7,154184,1,1,3.89509,0,0,1.36909
-0.0110442,0.0251179,-39589.9,154384,1,1,3.90014,0,0,1.37414
-0.00661509,0.0300257,-39590,154584,1,1,3.9052,0,0,1.3792
-0.00469935,0.0322372,-39590.1,154784,1,1,3.91025,0,0,1.38425
-0.00278348,0.0344486,-39590.2,154984,1,1,3.9153,0,0,1.3893
-0.00103268,0.0359858,-39590.4,155185,1,1,3.92035,0,0,1.39435
0.000590321,0.0370007,-39590.5,155385,1,1,3.9254,0,0,1.3994
0.00221329,0.0380155,-39590.7,155585,1,1,3.93046,0,0,1.40446
0.00383625,0.0390303,-39590.8,155785,1,1,3.93551,0,0,1.40951
0.00545922,0.0400452,-39591,155985,1,1,3.94056,0,0,1.41456
0.00708222,0.04106,-39591.1,156185,1,1,3.94561,0,0,1.41961
0.00995741,0.0421624,-39591.2,156385,1,1,3.95066,0,0,1.42466
0.0108676,0.0415138,-39591.3,156585,1,1,3.95572,0,0,1.42972
0.0117777,0.0408651,-39591.5,156785,1,1,3.96077,0,0,1.43477
0.0126879,0.0402165,-39591.6,156985,1,1,3.96582,0,0,1.43982
0.013598,0.0395678,-39591.7,157185,1,1,3.97087,0,0,1.44487
0.0145081,0.0389192,-39591.8,157385,1,1,3.97592,0,0,1.44992
0.0160469,0.0384666,-39591.9,157585,1,1,3.98098,0,0,1.45498
0.0230691,0.0397247,-39592,157785,1,1,3.98603,0,0,1.46003
0.0300911,0.0409827,-39592.1,157985,1,1,3.99108,0,0,1.46508
0.0371132,0.0422407,-39592.2,158185,1,1,3.99613,0,0,1.47013
0.0441352,0.0434987,-39592.3,158385,1,1,4.00118,0,0,1.47518
0.0475351,0.0411067,-39592.5,158585,1,1,4.00624,0,0,1.48024
0.0422378,0.0299507,-39592.6,158785,1,1,4.01129,0,0,1.48529
0.0369406,0.0187948,-39592.8,158985,1,1,4.01634,0,0,1.49034
0.0316435,0.00763876,-39592.9,159185,1,1,4.02139,0,0,1.49539
0.0263461,-0.00351748,-39593.1,159385,1,1,4.02644,0,0,1.50044
0.0210489,-0.0146735,-39593.3,159585,1,1,4.0315,0,0,1.5055
0.0186781,-0.0227469,-39593.4,159785,1,1,4.03655,0,0,1.51055
0.0150147,-0.0345956,-39593.5,159985,1,1,4.0416,0,0,1.5156
0.00936663,-0.04741,-39593.7,160185,1,1,4.04665,0,0,1.52065
0.0122489,-0.0474692,-39593.8,160385,1,1,4.0517,0,0,1.5257
0.0166649,-0.0454483,-39593.9,160585,1,1,4.05676,0,0,1.53076
0.0288161,-0.0370347,-39594,160785,1,1,4.06181,0,0,1.53581
0.0409675,-0.0286209,-39594.1,160985,1,1,4.06686,0,0,1.54086
0.0531187,-0.0202074,-39594.2,161185,1,1,4.07191,0,0,1.54591
0.0652698,-0.0117938,-39594.2,161385,1,1,4.07696,0,0,1.55096
0.077421,-0.00338021,-39594.3,161585,1,1,4.08202,0,0,1.55602
0.083011,0.00336332,-39594.4,161785,1,1,4.08707,0,0,1.56107
0.0760784,0.00691905,-39594.6,161985,1,1,4.09212,0,0,1.56612
0.0682377,0.0108551,-39594.7,162185,1,1,4.09717,0,0,1.57117
0.0598225,0.0150317,-39594.8,162385,1,1,4.10222,0,0,1.57622
0.0514071,0.0192085,-39594.9,162585,1,1,4.10728,0,0,1.58128
0.0373149,0.0236022,-39595,162785,1,1,4.11233,0,0,1.58633
0.020505,0.0280998,-39595.2,162985,1,1,4.11738,0,0,1.59138
-0.0110672,0.00656083,-39595.3,163185,1,1,4.12243,0,0,1.59643
-0.0435315,-0.01401,-39595.5,163385,1,1,4.12748,0,0,1.60148
-0.066207,-0.0258239,-39595.7,163586,1,1,4.13254,0,0,1.60654
-0.0888819,-0.0376375,-39596,163786,1,1,4.13759,0,0,1.61159
-0.111557,-0.0494511,-39596.2,163986,1,1,4.14264,0,0,1.61664
-0.128214,-0.0585328,-39596.3,164186,1,1,4.14769,0,0,1.62169
-0.0991162,-0.0468426,-39596.4,164386,1,1,4.15274,0,0,1.62674
-0.070019,-0.0351526,-39596.5,164586,1,1,4.1578,0,0,1.6318
-0.0409218,-0.0234627,-39596.6,164786,1,1,4.16285,0,0,1.63685
-0.0129284,-0.0117376,-39596.7,164986,1,1,4.1679,0,0,1.6419
0.00783543,0.000218314,-39596.7,165186,1,1,4.17295,0,0,1.64695
0.0285987,0.0121739,-39596.8,165386,1,1,4.178,0,0,1.652
0.0259235,0.0148333,-39596.9,165586,1,1,4.18306,0,0,1.65706
0.00320466,0.00954296,-39597.1,165786,1,1,4.18811,0,0,1.66211
-0.0195147,0.00425248,-39597.3,165986,1,1,4.19316,0,0,1.66716
-0.0422336,-0.00103787,-39597.5,166186,1,1,4.19821,0,0,1.67221
-0.0510432,-0.00324556,-39597.6,166386,1,1,4.20326,0,0,1.67726
-0.0547188,-0.00262214,-39597.7,166586,1,1,4.20832,0,0,1.68232
-0.0583945,-0.00199872,-39597.8,166786,1,1,4.21337,0,0,1.68737
-0.0620701,-0.0013753,-39597.9,166986,1,1,4.21842,0,0,1.69242
-0.0657457,-0.000751889,-39598,167186,1,1,4.22347,0,0,1.69747
-0.0631908,-0.000749705,-39598.1,167386,1,1,4.22852,0,0,1.70252
-0.0485783,-0.00194978,-39598.1,167586,1,1,4.23358,0,0,1.70758
-0.033966,-0.00314983,-39598.2,167786,1,1,4.23863,0,0,1.71263
-0.0193538,-0.00434988,-39598.3,167986,1,1,4.24368,0,0,1.71768
-0.00474156,-0.00554993,-39598.3,168187,1,1,4.24873,0,0,1.72273
0.00987102,-0.00675001,-39598.4,168387,1,1,4.25378,0,0,1.72778
0.0244833,-0.00795006,-39598.5,168587,1,1,4.25884,0,0,1.73284
0.0128841,0.00451508,-39598.6,168787,1,1,4.26389,0,0,1.73789
-0.0197428,0.0279429,-39598.7,168987,1,1,4.26894,0,0,1.74294
-0.0314808,0.0387322,-39598.8,169187,1,1,4.27399,0,0,1.74799
-0.035499,0.0448505,-39599,169387,1,1,4.27904,0,0,1.75304
-0.0395172,0.0509688,-39599.1,169587,1,1,4.2841,0,0,1.7581
-0.0435354,0.0570872,-39599.2,169787,1,1,4.28915,0,0,1.76315
-0.0475537,0.0632056,-39599.3,169987,1,1,4.2942,0,0,1.7682
-0.0515718,0.0693239,-39599.4,170187,1,1,4.29925,0,0,1.77325
-0.05559,0.0754423,-39599.6,170387,1,1,4.3043,0,0,1.7783
-0.0584283,0.0739254,-39599.7,170587,1,1,4.30936,0,0,1.78336
-0.060387,0.0667156,-39599.7,170787,1,1,4.31441,0,0,1.78841
-0.0623455,0.059506,-39599.8,170987,1,1,4.31946,0,0,1.79346
-0.0673894,0.0404112,-39599.9,171187,1,1,4.32451,0,0,1.79851
-0.0725031,0.0210475,-39600,171387,1,1,4.32956,0,0,1.80356
-0.0776168,0.00168347,-39600.1,171587,1,1,4.33462,0,0,1.80862
-0.0827305,-0.0176801,-39600.2,171788,1,1,4.33967,0,0,1.81367
-0.0855793,-0.0247319,-39600.3,171988,1,1,4.34472,0,0,1.81872
-0.0864021,-0.0207708,-39600.4,172188,1,1,4.34977,0,0,1.82377
-0.0872249,-0.0168096,-39600.5,172388,1,1,4.35482,0,0,1.82882
-0.0880477,-0.0128485,-39600.7,172588,1,1,4.35988,0,0,1.83388
-0.0888706,-0.0088874,-39600.8,172788,1,1,4.36493,0,0,1.83893
-0.0896934,-0.00492629,-39600.9,172988,1,1,4.36998,0,0,1.84398
-0.0711697,0.0136217,-39601,173188,1,1,4.37503,0,0,1.84903
-0.0505149,0.0337763,-39601.2,173388,1,1,4.38008,0,0,1.85408
-0.0420069,0.0386973,-39601.3,173588,1,1,4.38514,0,0,1.85914
-0.0376958,0.0383547,-39601.4,173788,1,1,4.39019,0,0,1.86419
-0.0330114,0.0315804,-39601.5,173988,1,1,4.39524,0,0,1.86924
-0.028557,0.0244556,-39601.6,174188,1,1,4.40029,0,0,1.87429
-0.0241025,0.0173307,-39601.7,174388,1,1,4.40534,0,0,1.87934
-0.019648,0.0102059,-39601.8,174588,1,1,4.4104,0,0,1.8844
-0.0151934,0.00308092,-39601.9,174789,1,1,4.41545,0,0,1.88945
-0.010739,-0.00404391,-39602,174989,1,1,4.4205,0,0,1.8945
-0.00628448,-0.0111687,-39602.1,175189,1,1,4.42555,0,0,1.89955
-0.00183001,-0.0182936,-39602.2,175389,1,1,4.4306,0,0,1.9046
0.00262457,-0.0254186,-39602.3,175589,1,1,4.43566,0,0,1.90966
0.00707904,-0.0325434,-39602.4,175789,1,1,4.44071,0,0,1.91471
0.00933915,-0.0368254,-39602.5,175989,1,1,4.44576,0,0,1.91976
0.0094272,-0.0382934,-39602.6,176189,1,1,4.45081,0,0,1.92481
0.00951516,-0.0397616,-39602.6,176389,1,1,4.45586,0,0,1.92986
0.00737541,-0.0409245,-39602.7,176589,1,1,4.46092,0,0,1.93492
-0.00271499,-0.0409993,-39602.8,176789,1,1,4.46597,0,0,1.93997
-0.0128054,-0.0410742,-39602.9,176989,1,1,4.47102,0,0,1.94502
-0.022896,-0.0411491,-39603,177189,1,1,4.47607,0,0,1.95007
-0.0329865,-0.0412241,-39603.1,177389,1,1,4.48112,0,0,1.95512
-0.0430768,-0.0412989,-39603.2,177590,1,1,4.48618,0,0,1.96018
-0.0531672,-0.0413738,-39603.2,177790,1,1,4.49123,0,0,1.96523
-0.0632579,-0.0414486,-39603.3,177990,1,1,4.49628,0,0,1.97028
-0.0734198,-0.0415172,-39603.4,178190,1,1,4.50133,0,0,1.97533
-0.0868063,-0.0410597,-39603.6,178390,1,1,4.50638,0,0,1.98038
-0.0896292,-0.0289276,-39603.7,178590,1,1,4.51144,0,0,1.98544
-0.0924521,-0.0167953,-39603.8,178790,1,1,4.51649,0,0,1.99049
-0.0948134,-0.011298,-39603.9,178990,1,1,4.52154,0,0,1.99554
-0.0792145,-0.00739568,-39604,179190,1,1,4.52659,0,0,2.00059
-0.0636393,-0.00499612,-39604.1,179390,1,1,4.53164,0,0,2.00564
-0.0526704,-0.00227589,-39604.1,179590,1,1,4.5367,0,0,2.0107
-0.0427033,0.000514292,-39604.2,179790,1,1,4.54175,0,0,2.01575
-0.0327361,0.00330447,-39604.3,179990,1,1,4.5468,0,0,2.0208
-0.0227694,0.00609451,-39604.4,180191,1,1,4.55185,0,0,2.02585
-0.0128023,0.00888468,-39604.4,180391,1,1,4.5569,0,0,2.0309
-0.00439192,0.0117831,-39604.5,180591,1,1,4.56196,0,0,2.03596
0.000959348,0.0148948,-39604.6,180791,1,1,4.56701,0,0,2.04101
0.00631062,0.0180065,-39604.7,180991,1,1,4.57206,0,0,2.04606
0.0116616,0.021118,-39604.8,181191,1,1,4.57711,0,0,2.05111
0.0170129,0.0242297,-39604.9,181391,1,1,4.58216,0,0,2.05616
0.0223642,0.0273414,-39605,181591,1,1,4.58722,0,0,2.06122
0.0230479,0.0296176,-39605,181791,1,1,4.59227,0,0,2.06627
0.0216678,0.0315245,-39605.1,181991,1,1,4.59732,0,0,2.07132
0.0202878,0.0334314,-39605.2,182191,1,1,4.60237,0,0,2.07637
0.0189077,0.0353384,-39605.2,182391,1,1,4.60742,0,0,2.08142
0.0175277,0.0372453,-39605.3,182592,1,1,4.61248,0,0,2.08648
0.0161476,0.0391522,-39605.4,182792,1,1,4.61753,0,0,2.09153
0.0136655,0.0381437,-39605.4,182992,1,1,4.62258,0,0,2.09658
0.0104136,0.0350992,-39605.5,183192,1,1,4.62763,0,0,2.10163
0.00716194,0.0320547,-39605.5,183392,1,1,4.63268,0,0,2.10668
0.00391008,0.0290102,-39605.6,183592,1,1,4.63774,0,0,2.11174
0.000658387,0.0259658,-39605.6,183792,1,1,4.64279,0,0,2.11679
-0.00259346,0.0229212,-39605.7,183992,1,1,4.64784,0,0,2.12184
-0.00431483,0.0200828,-39605.7,184192,1,1,4.65289,0,0,2.12689
0.00601751,0.0187453,-39605.8,184392,1,1,4.65794,0,0,2.13194
0.0155489,0.0170447,-39605.9,184592,1,1,4.663,0,0,2.137
0.0239639,0.0159129,-39606,184792,1,1,4.66805,0,0,2.14205
0.0221558,0.0199922,-39606,184993,1,1,4.6731,0,0,2.1471
0.0203476,0.0240715,-39606.1,185193,1,1,4.67815,0,0,2.15215
0.0185395,0.0281507,-39606.2,185393,1,1,4.6832,0,0,2.1572
0.0167313,0.03223,-39606.2,185593,1,1,4.68826,0,0,2.16226
0.0149232,0.0363093,-39606.3,185793,1,1,4.69331,0,0,2.16731
0.0131151,0.0403884,-39606.3,185993,1,1,4.69836,0,0,2.17236
0.0113069,0.0444678,-39606.4,186193,1,1,4.70341,0,0,2.17741
0.0094988,0.0485469,-39606.5,186393,1,1,4.70846,0,0,2.18246
0.00769063,0.0526262,-39606.5,186593,1,1,4.71352,0,0,2.18752
0.00727718,0.0600825,-39606.6,186793,1,1,4.71857,0,0,2.19257
0.00698839,0.0678401,-39606.7,186994,1,1,4.72362,0,0,2.19762
-1.7123e-05,0.0508663,-39606.8,187194,1,1,4.72867,0,0,2.20267
-0.00717209,0.0294748,-39606.9,187394,1,1,4.73372,0,0,2.20772
-0.0143267,0.00808422,-39606.9,187594,1,1,4.73878,0,0,2.21278
-0.0214817,-0.0133073,-39607,187794,1,1,4.74383,0,0,2.21783
-0.00963592,-0.0110957,-39607.1,187994,1,1,4.74888,0,0,2.22288
0.00445718,-0.00164627,-39607.1,188194,1,1,4.75393,0,0,2.22793
0.0149794,0.00796215,-39607.2,188394,1,1,4.75898,0,0,2.23298
-0.00838833,0.0190795,-39607.3,188594,1,1,4.76404,0,0,2.23804
-0.0254281,0.0209746,-39607.3,188794,1,1,4.76909,0,0,2.24309
-0.0400777,0.0209428,-39607.4,188994,1,1,4.77414,0,0,2.24814
-0.037074,0.0144118,-39607.5,189195,1,1,4.77919,0,0,2.25319
-0.0340701,0.00788045,-39607.5,189395,1,1,4.78424,0,0,2.25824
-0.0308995,0.00202813,-39607.6,189595,1,1,4.7893,0,0,2.2633
-0.0252348,0.0063172,-39607.6,189795,1,1,4.79435,0,0,2.26835
-0.0195701,0.0106063,-39607.7,189995,1,1,4.7994,0,0,2.2734
-0.0139057,0.0148951,-39607.7,190195,1,1,4.80445,0,0,2.27845
-0.00824105,0.0191842,-39607.8,190395,1,1,4.8095,0,0,2.2835
-0.00257638,0.0234733,-39607.8,190595,1,1,4.81456,0,0,2.28856
0.000872122,0.0214382,-39607.8,190795,1,1,4.81961,0,0,2.29361
0.00311421,0.0160133,-39607.8,190995,1,1,4.82466,0,0,2.29866
0.00535619,0.0105886,-39607.9,191196,1,1,4.82971,0,0,2.30371
0.00759828,0.00516371,-39607.9,191396,1,1,4.83476,0,0,2.30876
0.00984037,-0.000261214,-39607.9,191596,1,1,4.83982,0,0,2.31382
0.0120824,-0.00568588,-39607.9,191796,1,1,4.84487,0,0,2.31887
0.014709,-0.00787635,-39608,191996,1,1,4.84992,0,0,2.32392
0.017658,-0.00735653,-39608,192196,1,1,4.85497,0,0,2.32897
0.0206068,-0.00683674,-39608,192396,1,1,4.86002,0,0,2.33402
0.0235558,-0.00631693,-39608.1,192596,1,1,4.86508,0,0,2.33908
0.0265046,-0.00579714,-39608.1,192796,1,1,4.87013,0,0,2.34413
0.0275391,-0.00349036,-39608.1,192996,1,1,4.87518,0,0,2.34918
0.0237849,-0.00128429,-39608.2,193197,1,1,4.88023,0,0,2.35423
0.0154685,0.000114485,-39608.2,193397,1,1,4.88528,0,0,2.35928
0.00774383,-0.0010106,-39608.3,193597,1,1,4.89034,0,0,2.36434
0.00605565,-0.00153364,-39608.3,193797,1,1,4.89539,0,0,2.36939
0.00436756,-0.00205665,-39608.3,193997,1,1,4.90044,0,0,2.37444
0.00267939,-0.00257968,-39608.3,194197,1,1,4.90549,0,0,2.37949
0.000952607,-0.00312793,-39608.4,194397,1,1,4.91054,0,0,2.38454
-0.00200705,-0.00345822,-39608.4,194597,1,1,4.9156,0,0,2.3896
-0.00505777,-0.00367539,-39608.4,194797,1,1,4.92065,0,0,2.39465
-0.00810834,-0.00389255,-39608.4,194997,1,1,4.9257,0,0,2.3997
-0.0111591,-0.00410971,-39608.5,195198,1,1,4.93075,0,0,2.40475
-0.0116798,-0.00319612,-39608.5,195398,1,1,4.9358,0,0,2.4098
-0.0115453,-0.002878,-39608.5,195598,1,1,4.94086,0,0,2.41486
-0.0111285,-0.0030364,-39608.5,195798,1,1,4.94591,0,0,2.41991
-0.0100018,-0.00336657,-39608.5,195998,1,1,4.95096,0,0,2.42496
-0.00887507,-0.00369676,-39608.6,196198,1,1,4.95601,0,0,2.43001
-0.00788311,-0.00394655,-39608.6,196398,1,1,4.96106,0,0,2.43506
-0.00717016,-0.00402998,-39608.6,196598,1,1,4.96612,0,0,2.44012
-0.00645717,-0.00411341,-39608.6,196798,1,1,4.97117,0,0,2.44517
-0.00574418,-0.00419685,-39608.6,196998,1,1,4.97622,0,0,2.45022
-0.00503122,-0.00428028,-39608.6,197199,1,1,4.98127,0,0,2.45527
-0.00514109,-0.00459156,-39608.6,197399,1,1,4.98632,0,0,2.46032
-0.00555504,-0.00498704,-39608.6,197599,1,1,4.99138,0,0,2.46538
-0.005969,-0.00538253,-39608.7,197799,1,1,4.99643,0,0,2.47043
-0.00638297,-0.00577802,-39608.7,197999,1,1,5.00148,0,0,2.47548
-0.00679692,-0.0061735,-39608.7,198199,1,1,5.00653,0,0,2.48053
-0.00586624,-0.00453633,-39608.7,198399,1,1,5.01158,0,0,2.48558
-0.00494171,-0.00290844,-39608.7,198599,1,1,5.01664,0,0,2.49064
-0.00401721,-0.00128063,-39608.7,198799,1,1,5.02169,0,0,2.49569
-0.00169108,0.000307068,-39608.7,198999,2,1,5.02674,0,0,2.50074
0.00285759,0.0025097,-39608.7,199200,2,1,5.03179,0,0,2.50579
0.00322283,0.00244337,-39608.7,199400,2,1,5.03684,0,0,2.51084
0.00287803,0.00201798,-39608.7,199600,2,1,5.0419,0,0,2.5159
0.00200469,0.00132531,-39608.7,199800,2,1,5.04695,0,0,2.52095
0.00148683,0.000208164,-39608.7,200000,2,1,5.052,0,0,2.526
